ID,Name,Target Muscle,Duration_Seconds,Posture_Tags,Pain_Keywords,Step1,Step2,Step3,Camera_Angle,Camera_Instruction,Difficulty,Emoji
S01,Neck Side Tilt,Sternocleidomastoid,30,"neck,forward_head","neck pain,stiff neck,headache",Sit up straight and relax your shoulders.,Slowly tilt your right ear toward your right shoulder until you feel a gentle stretch on the left side of your neck.,Hold for 30 seconds then repeat on the other side.,front,Sit facing the camera so it can see your head tilt to each side.,Easy,🧘
S02,Neck Forward Nod,Suboccipital Muscles,25,"neck,forward_head","neck tension,text neck,headache",Sit tall with your shoulders relaxed and feet flat on the floor.,Gently tuck your chin toward your chest as if making a double chin.,Hold the position and breathe slowly for 25 seconds.,side,Sit with your right side facing the camera so it can see your chin tuck and neck curve.,Easy,😌
S03,Neck Rotation Stretch,Cervical Rotators,30,"neck,forward_head","stiff neck,neck tightness,limited range",Sit upright with your shoulders down and back.,Slowly turn your head to the right as far as is comfortable without pain.,Hold 15 seconds then turn to the left and hold 15 seconds.,standing_front,Stand facing the camera so it can verify your head rotation is even on both sides.,Easy,🔄
S04,Upper Trap Stretch,Upper Trapezius,30,"neck,shoulder","neck pain,shoulder tension,headache",Sit straight and hold the edge of your chair seat with your right hand.,Tilt your left ear toward your left shoulder and place your left hand lightly on top of your head.,Hold 30 seconds then switch sides.,front,Sit facing the camera so it can see your head tilt and confirm your shoulder stays down.,Easy,💆
S05,Sky Gazer Stretch,Anterior Neck (SCM & Scalenes),20,"neck,forward_head","neck stiffness,morning neck pain,fatigue",Sit tall with shoulders relaxed and hands resting on your thighs.,Slowly tilt your head back until you are looking straight up at the ceiling.,Keep your mouth closed and jaw relaxed — hold this position for 20 seconds.,side,Sit with your side facing the camera so it can track the tilt of your head.,Easy,🌤️
S06,Shoulder Roll,Deltoid and Trapezius,20,"shoulder,upper_back","shoulder tightness,hunched shoulders,rounded shoulders",Sit or stand tall with your arms resting at your sides.,Roll both shoulders up toward your ears then backward and down in a smooth circle.,Continue rolling slowly for 20 seconds.,front,Sit or stand facing the camera so it can see both shoulders moving in equal circles.,Easy,🔁
S07,Doorway Chest Opener,Pectoralis Major,30,"chest,shoulder","tight chest,rounded shoulders,poor posture",Stand next to your desk and raise both arms to shoulder height with elbows bent at 90 degrees.,Gently press your hands and forearms backward as if pushing against a doorframe.,Hold the open position for 30 seconds and breathe deeply.,standing_front,Stand facing the camera with arms raised so it can see your chest opening and elbows at shoulder level.,Easy,🚪
S08,Seated Shoulder Squeeze,Rhomboids,25,"shoulder,upper_back","upper back pain,rounded shoulders,shoulder blade pain",Sit up straight with feet flat and hands resting on your thighs.,Draw both shoulder blades toward each other as if trying to hold a pencil between them.,Hold the squeeze for 25 seconds then slowly release.,front,Sit facing the camera so it can confirm both shoulder blades are moving equally.,Easy,💪
S09,Cross-Body Shoulder Stretch,Posterior Deltoid,30,"shoulder,upper_back","shoulder soreness,tight shoulders,back of shoulder pain",Sit or stand and bring your right arm straight across your chest at shoulder height.,Use your left hand to gently pull your right arm closer to your body.,Hold 30 seconds then switch arms.,standing_side,Stand with your right side facing the camera so it can see your arm crossing your body at the correct height.,Easy,🤗
S10,Chest Stretch Arms Back,Pectoralis Minor,25,"chest,shoulder,upper_back","tight chest,forward shoulders,breathing tension",Stand up straight and clasp your hands behind your lower back.,Gently straighten your arms and lift your hands slightly while squeezing your shoulder blades together.,Hold the stretch for 25 seconds.,standing_side,Stand with your side facing the camera so it can see your arms behind your back and your chest lifting forward.,Easy,🌟
S11,Seated Spinal Twist,Obliques and Spinal Rotators,30,"spine,lower_back","lower back stiffness,back pain,spine tightness",Sit tall on your chair with feet flat on the floor.,Place your right hand on the back of the chair and your left hand on your right knee then twist gently to the right.,Hold 30 seconds then repeat twisting to the left.,side,Sit with your side facing the camera so it can see the full rotation of your spine.,Easy,🌀
S12,Seated Forward Fold,Lumbar Erectors,30,"lower_back,spine","lower back pain,tight back,sitting pain",Sit at the edge of your chair with feet hip-width apart and flat on the floor.,Lean your chest slowly forward toward your thighs and let your hands hang toward the floor.,Hold and breathe deeply for 30 seconds.,side,Sit with your side facing the camera so it can measure how far your upper body folds forward.,Easy,🌿
S13,Cat-Cow at Chair,Erector Spinae,30,"spine,lower_back","back stiffness,morning back pain,posture reset",Sit at the edge of your chair with hands on your knees and feet flat.,Arch your lower back and lift your chest toward the ceiling for the cow position then round your back toward the chair for the cat position.,Alternate slowly between the two positions for 30 seconds.,side,Sit with your side facing the camera so it can see your spine arching and rounding clearly.,Easy,🐱
S14,Standing Back Extension,Lumbar Extensors,20,"lower_back,spine","lower back ache,prolonged sitting pain,lumbar tightness",Stand behind your chair and place your hands on the backrest for light support.,Gently place your hands on your lower back and lean backward a small comfortable amount.,Hold the extension for 20 seconds and breathe steadily.,standing_side,Stand with your side facing the camera so it can see the backward arch in your lower back.,Easy,🔙
S15,Seated Hip Flexor Shift,Hip Flexors,35,"lower_back,spine","hip tightness,lower back tension,sitting soreness",Sit at the front edge of your chair and slide your right foot back so it rests behind the chair leg.,Keep your back straight and gently press your hips forward to feel a stretch in your right hip.,Hold 35 seconds then switch legs.,side,Sit with your side facing the camera so it can confirm your back stays upright while your hip flexes.,Easy,🦵
S16,Wrist Flexor Stretch,Wrist Flexors,25,"wrist,forearm","wrist pain,typing pain,carpal tunnel",Extend your right arm straight in front of you with the palm facing up.,Use your left hand to gently pull your right fingers downward toward the floor.,Hold 25 seconds then switch to the other hand.,front,Hold your arm out toward the camera so it can see the angle of your wrist bend clearly.,Easy,🤲
S17,Wrist Extensor Stretch,Wrist Extensors,25,"wrist,forearm","wrist stiffness,mouse hand pain,forearm tightness",Extend your right arm straight out in front of you with the palm facing down.,Use your left hand to gently press the back of your right hand downward.,Hold 25 seconds then switch hands.,front,Hold your arm straight out toward the camera so it can see the top of your wrist bending downward.,Easy,🖐️
S18,Forearm Pronation Stretch,Forearm Pronators,20,"forearm,wrist","forearm tightness,typing fatigue,inner forearm pain",Hold your right arm out to the side at shoulder height with your palm facing up.,Slowly rotate your forearm so your palm faces down and hold the end position.,Continue alternating slowly for 20 seconds then repeat with the left arm.,front,Face the camera with your arm extended sideways so it can see the rotation of your palm clearly.,Easy,🔃
S19,Prayer Stretch,Finger Flexors,30,"wrist,forearm","finger stiffness,wrist tension,keyboard fatigue",Press your palms together in front of your chest in a prayer position with fingers pointing up.,Slowly lower your joined hands toward your waist while keeping your palms pressed together.,Hold the lowest comfortable position for 30 seconds.,front,Face the camera with your hands centered on your chest so it can track the angle of your wrists.,Easy,🙏
S20,Finger Fan Stretch,Intrinsic Hand Muscles,20,"wrist,forearm","finger pain,stiff fingers,hand fatigue",Hold both hands out in front of you at chest height with palms facing away from you.,Spread all your fingers as wide apart as possible like a fan.,Hold the spread for 5 seconds then relax and repeat the fan motion slowly for 20 seconds total.,front,Hold your hands up facing the camera so it can see all fingers spreading fully and evenly.,Easy,🖐
